{
  "info": {
    "_postman_id": "admin-venues-api-001",
    "name": "Admin Venues API",
    "schema": "https://schema.getpostman.com/json/collection/v2.1.0/collection.json",
    "description": "Admin API endpoints for managing all venues, moderation, approval, rejection, and archiving."
  },
  "item": [
    {
      "name": "Admin Login",
      "request": {
        "method": "POST",
        "header": [
          {
            "key": "Content-Type",
            "value": "application/json"
          }
        ],
        "body": {
          "mode": "raw",
          "raw": "{\n  \"username\": \"adminuser\",\n  \"password\": \"adminpassword\"\n}"
        },
        "url": {
          "raw": "{{base_url}}/api/auth/login/",
          "host": ["{{base_url}}"],
          "path": ["api", "auth", "login"]
        }
      }
    },
    {
      "name": "List All Venues",
      "request": {
        "method": "GET",
        "header": [
          {
            "key": "Authorization",
            "value": "Bearer {{admin_token}}"
          }
        ],
        "url": {
          "raw": "{{base_url}}/api/admin/venues",
          "host": ["{{base_url}}"],
          "path": ["api", "admin", "venues"]
        }
      }
    },
    {
      "name": "Get Venue Detail",
      "request": {
        "method": "GET",
        "header": [
          {
            "key": "Authorization",
            "value": "Bearer {{admin_token}}"
          }
        ],
        "url": {
          "raw": "{{base_url}}/api/admin/venues/1",
          "host": ["{{base_url}}"],
          "path": ["api", "admin", "venues", "1"]
        }
      }
    },
    {
      "name": "Approve Venue",
      "request": {
        "method": "POST",
        "header": [
          {
            "key": "Authorization",
            "value": "Bearer {{admin_token}}"
          }
        ],
        "url": {
          "raw": "{{base_url}}/api/admin/venues/1/approve",
          "host": ["{{base_url}}"],
          "path": ["api", "admin", "venues", "1", "approve"]
        }
      }
    },
    {
      "name": "Reject Venue",
      "request": {
        "method": "POST",
        "header": [
          {
            "key": "Authorization",
            "value": "Bearer {{admin_token}}"
          },
          {
            "key": "Content-Type",
            "value": "application/json"
          }
        ],
        "body": {
          "mode": "raw",
          "raw": "{\n  \"reason\": \"Reason for rejection\"\n}"
        },
        "url": {
          "raw": "{{base_url}}/api/admin/venues/1/reject",
          "host": ["{{base_url}}"],
          "path": ["api", "admin", "venues", "1", "reject"]
        }
      }
    },
    {
      "name": "Edit Venue",
      "request": {
        "method": "PATCH",
        "header": [
          {
            "key": "Authorization",
            "value": "Bearer {{admin_token}}"
          },
          {
            "key": "Content-Type",
            "value": "application/json"
          }
        ],
        "body": {
          "mode": "raw",
          "raw": "{\n  \"description\": \"Admin updated description\"\n}"
        },
        "url": {
          "raw": "{{base_url}}/api/admin/venues/1",
          "host": ["{{base_url}}"],
          "path": ["api", "admin", "venues", "1"]
        }
      }
    },
    {
      "name": "Archive Venue",
      "request": {
        "method": "POST",
        "header": [
          {
            "key": "Authorization",
            "value": "Bearer {{admin_token}}"
          }
        ],
        "url": {
          "raw": "{{base_url}}/api/admin/venues/1/archive",
          "host": ["{{base_url}}"],
          "path": ["api", "admin", "venues", "1", "archive"]
        }
      }
    }
  ],
  "event": []
}
