{
  "info": {
    "_postman_id": "public-venues-api-001",
    "name": "Public Venues API",
    "schema": "https://schema.getpostman.com/json/collection/v2.1.0/collection.json",
    "description": "Public API endpoints for viewing venues and categories."
  },
  "item": [
    {
      "name": "List Published Venues",
      "request": {
        "method": "GET",
        "header": [],
        "url": {
          "raw": "{{base_url}}/api/venues",
          "host": ["{{base_url}}"],
          "path": ["api", "venues"]
        }
      }
    },
    {
      "name": "Get Venue Detail",
      "request": {
        "method": "GET",
        "header": [],
        "url": {
          "raw": "{{base_url}}/api/venues/1",
          "host": ["{{base_url}}"],
          "path": ["api", "venues", "1"]
        }
      }
    },
    {
      "name": "List Categories",
      "request": {
        "method": "GET",
        "header": [],
        "url": {
          "raw": "{{base_url}}/api/categories",
          "host": ["{{base_url}}"],
          "path": ["api", "categories"]
        }
      }
    },
    {
      "name": "List States",
      "request": {
        "method": "GET",
        "header": [],
        "url": {
          "raw": "{{base_url}}/api/states",
          "host": ["{{base_url}}"],
          "path": ["api", "states"]
        }
      }
    },
    {
      "name": "List Districts by State",
      "request": {
        "method": "GET",
        "header": [],
        "url": {
          "raw": "{{base_url}}/api/districts?state_id=1",
          "host": ["{{base_url}}"],
          "path": ["api", "districts"],
          "query": [
            {
              "key": "state_id",
              "value": "1"
            }
          ]
        }
      }
    },
    {
      "name": "List Tehsils by District",
      "request": {
        "method": "GET",
        "header": [],
        "url": {
          "raw": "{{base_url}}/api/tehsils?district_id=1",
          "host": ["{{base_url}}"],
          "path": ["api", "tehsils"],
          "query": [
            {
              "key": "district_id",
              "value": "1"
            }
          ]
        }
      }
    }
  ],
  "event": []
}
