{
  "info": {
    "name": "User Profile",
    "_postman_id": "user-profile-unique-id",
    "description": "Get current authenticated user profile",
    "schema": "https://schema.getpostman.com/json/collection/v2.1.0/collection.json"
  },
  "item": [
    {
      "name": "Get User Profile",
      "request": {
        "method": "GET",
        "header": [
          {
            "key": "Authorization",
            "value": "Bearer <JWT access token>"
          }
        ],
        "url": {
          "raw": "http://localhost:8000/api/accounts/me/",
          "protocol": "http",
          "host": [
            "localhost"
          ],
          "port": "8000",
          "path": [
            "api",
            "accounts",
            "me"
          ]
        }
      },
      "response": []
    }
  ]
}
