{
	"info": {
		"_postman_id": "b5e3f8a1-4b2c-4e8c-9d2d-8f7e9b5c0f1d",
		"name": "RentMyVenue - Booking API",
		"description": "API endpoints for the Booking Service",
		"schema": "https://schema.getpostman.com/json/collection/v2.1.0/collection.json"
	},
	"item": [
		{
			"name": "Create Booking",
			"request": {
				"method": "POST",
				"header": [
					{
						"key": "Authorization",
						"value": "Bearer {{access_token}}",
						"type": "text"
					},
					{
						"key": "Content-Type",
						"value": "application/json",
						"type": "text"
					}
				],
				"body": {
					"mode": "raw",
					"raw": "{\n    \"venue\": \"{{venue_id}}\",\n    \"start_datetime\": \"2024-02-01T10:00:00Z\",\n    \"end_datetime\": \"2024-02-01T14:00:00Z\",\n    \"is_full_day\": false\n}"
				},
				"url": {
					"raw": "{{base_url}}/api/bookings/",
					"host": ["{{base_url}}"],
					"path": ["api", "bookings", ""]
				},
				"description": "Create a new booking for a venue. The booking will be in HELD status until payment is confirmed."
			}
		},
		{
			"name": "Get Booking Details",
			"request": {
				"method": "GET",
				"header": [
					{
						"key": "Authorization",
						"value": "Bearer {{access_token}}",
						"type": "text"
					}
				],
				"url": {
					"raw": "{{base_url}}/api/bookings/{{booking_id}}/",
					"host": ["{{base_url}}"],
					"path": ["api", "bookings", "{{booking_id}}", ""]
				},
				"description": "Get details of a specific booking. Users can only view their own bookings, vendors can view bookings for their venues, and admins can view all bookings."
			}
		},
		{
			"name": "List Bookings",
			"request": {
				"method": "GET",
				"header": [
					{
						"key": "Authorization",
						"value": "Bearer {{access_token}}",
						"type": "text"
					}
				],
				"url": {
					"raw": "{{base_url}}/api/bookings/",
					"host": ["{{base_url}}"],
					"path": ["api", "bookings", ""],
					"query": [
						{
							"key": "status",
							"value": "CONFIRMED",
							"description": "Filter by booking status",
							"disabled": true
						},
						{
							"key": "venue",
							"value": "{{venue_id}}",
							"description": "Filter by venue ID",
							"disabled": true
						}
					]
				},
				"description": "List bookings. Results are filtered based on user role:\n- Regular users see only their own bookings\n- Vendors see bookings for their venues\n- Admins see all bookings"
			}
		},
		{
			"name": "Confirm Booking",
			"request": {
				"method": "POST",
				"header": [
					{
						"key": "Authorization",
						"value": "Bearer {{access_token}}",
						"type": "text"
					},
					{
						"key": "Content-Type",
						"value": "application/json",
						"type": "text"
					}
				],
				"body": {
					"mode": "raw",
					"raw": "{\n    \"razorpay_payment_id\": \"pay_123456789\",\n    \"razorpay_order_id\": \"order_123456789\",\n    \"razorpay_signature\": \"9ef4dffbfd84f1318f6900700000000000000000000\"\n}"
				},
				"url": {
					"raw": "{{base_url}}/api/bookings/{{booking_id}}/confirm/",
					"host": ["{{base_url}}"],
					"path": ["api", "bookings", "{{booking_id}}", "confirm", ""]
				},
				"description": "Confirm a booking after successful payment. This endpoint is typically called by the payment service webhook."
			}
		},
		{
			"name": "Cancel Booking",
			"request": {
				"method": "POST",
				"header": [
					{
						"key": "Authorization",
						"value": "Bearer {{access_token}}",
						"type": "text"
					}
				],
				"url": {
					"raw": "{{base_url}}/api/bookings/{{booking_id}}/cancel/",
					"host": ["{{base_url}}"],
					"path": ["api", "bookings", "{{booking_id}}", "cancel", ""]
				},
				"description": "Cancel a confirmed booking. This may trigger a refund process depending on the cancellation policy."
			}
		},
		{
			"name": "View Booking State Logs",
			"request": {
				"method": "GET",
				"header": [
					{
						"key": "Authorization",
						"value": "Bearer {{access_token}}",
						"type": "text"
					}
				],
				"url": {
					"raw": "{{base_url}}/api/bookings/{{booking_id}}/logs/",
					"host": ["{{base_url}}"],
					"path": ["api", "bookings", "{{booking_id}}", "logs", ""]
				},
				"description": "View the state transition history of a booking. Shows all status changes with timestamps and who made the change."
			}
		}
	],
	"variable": [
		{
			"key": "base_url",
			"value": "http://localhost:8000"
		}
	]
}
